<?xml version="1.0" encoding="UTF-8"?>
<project-private xmlns="http://www.netbeans.org/ns/project-private/1">
    <editor-bookmarks xmlns="http://www.netbeans.org/ns/editor-bookmarks/2" lastBookmarkId="0"/>
    <open-files xmlns="http://www.netbeans.org/ns/projectui-open-files/2">
        <group>
            <file>file:/D:/WIB1002%20DS/Lab6/WIG180009L6Q3/src/wig180009l6q3/DoublyLinkedList.java</file>
            <file>file:/D:/WIB1002%20DS/Lab6/WIG180009L6Q3/src/wig180009l6q3/Node.java</file>
            <file>file:/D:/WIB1002%20DS/Lab6/WIG180009L6Q3/src/wig180009l6q3/WIG180009L6Q3.java</file>
        </group>
    </open-files>
</project-private>
